Batch Size,Epochs,Train Loss,Train Accuracy,Test Accuracy,Execution Time
100,100,1.0359192,0.8331166666666666,0.8326,1456.3000667095184
